policy,group,count,prop_correct,mean_moves,mean_pixels,mean_conf,trigger_prop
trained_det,triggered,9,0.4444444444444444,10.777777777777779,11.777777777777779,0.857766502433353,0.009
trained_det,not_triggered,991,0.09283551967709384,500.0,14.523713420787084,0.20557384795154982,0.009
trained_stoch,triggered,130,0.4846153846153846,141.08461538461538,62.43846153846154,0.8344527781009674,0.13
trained_stoch,not_triggered,870,0.23908045977011494,500.0,124.63218390804597,0.3035762531404523,0.13
random,triggered,341,0.5630498533724341,267.3372434017595,100.34604105571847,0.834587775367446,0.341
random,not_triggered,659,0.291350531107739,500.0,153.34597875569045,0.41186108742027977,0.341
flood,triggered,787,0.6149936467598475,234.7395171537484,195.41423125794154,0.8356309823947455,0.787
flood,not_triggered,213,0.41784037558685444,500.0,358.23474178403757,0.5159604803007534,0.787
